{
  "IcoMoonType": "selection",
  "icons": [
    {
      "icon": {
        "paths": [
          "M731.429 799.429c0 83.429-54.857 151.429-121.714 151.429h-488c-66.857 0-121.714-68-121.714-151.429 0-150.286 37.143-324 186.857-324 46.286 45.143 109.143 73.143 178.857 73.143s132.571-28 178.857-73.143c149.714 0 186.857 173.714 186.857 324zM585.143 292.571c0 121.143-98.286 219.429-219.429 219.429s-219.429-98.286-219.429-219.429 98.286-219.429 219.429-219.429 219.429 98.286 219.429 219.429z"
        ],
        "width": 731.4285714285713,
        "attrs": [],
        "isMulticolor": false,
        "isMulticolor2": false,
        "tags": [
          "user"
        ],
        "defaultCode": 61447,
        "grid": 14
      },
      "attrs": [],
      "properties": {
        "name": "user",
        "id": 11,
        "order": 12,
        "prevSize": 28
      },
      "setIdx": 0,
      "setId": 1,
      "iconIdx": 11
    },
    {
      "icon": {
        "paths": [
          "M804.571 566.857v274.286c0 20-16.571 36.571-36.571 36.571h-219.429v-219.429h-146.286v219.429h-219.429c-20 0-36.571-16.571-36.571-36.571v-274.286c0-1.143 0.571-2.286 0.571-3.429l328.571-270.857 328.571 270.857c0.571 1.143 0.571 2.286 0.571 3.429zM932 527.429l-35.429 42.286c-2.857 3.429-7.429 5.714-12 6.286h-1.714c-4.571 0-8.571-1.143-12-4l-395.429-329.714-395.429 329.714c-4 2.857-8.571 4.571-13.714 4-4.571-0.571-9.143-2.857-12-6.286l-35.429-42.286c-6.286-7.429-5.143-19.429 2.286-25.714l410.857-342.286c24-20 62.857-20 86.857 0l139.429 116.571v-111.429c0-10.286 8-18.286 18.286-18.286h109.714c10.286 0 18.286 8 18.286 18.286v233.143l125.143 104c7.429 6.286 8.571 18.286 2.286 25.714z"
        ],
        "width": 950.8571428571428,
        "attrs": [],
        "isMulticolor": false,
        "isMulticolor2": false,
        "tags": [
          "home"
        ],
        "defaultCode": 61461,
        "grid": 14
      },
      "attrs": [],
      "properties": {
        "name": "home",
        "id": 24,
        "order": 10,
        "prevSize": 28
      },
      "setIdx": 0,
      "setId": 1,
      "iconIdx": 24
    },
    {
      "icon": {
        "paths": [
          "M961.714 461.714l-424 423.429c-14.286 14.286-37.143 14.286-51.429 0l-424-423.429c-14.286-14.286-14.286-37.714 0-52l94.857-94.286c14.286-14.286 37.143-14.286 51.429 0l303.429 303.429 303.429-303.429c14.286-14.286 37.143-14.286 51.429 0l94.857 94.286c14.286 14.286 14.286 37.714 0 52z"
        ],
        "width": 1024,
        "attrs": [],
        "isMulticolor": false,
        "isMulticolor2": false,
        "tags": [
          "chevron-down"
        ],
        "defaultCode": 61560,
        "grid": 14
      },
      "attrs": [],
      "properties": {
        "name": "chevron-down",
        "id": 114,
        "order": 8,
        "prevSize": 28
      },
      "setIdx": 0,
      "setId": 1,
      "iconIdx": 114
    },
    {
      "icon": {
        "paths": [
          "M512 512c0-80.571-65.714-146.286-146.286-146.286s-146.286 65.714-146.286 146.286 65.714 146.286 146.286 146.286 146.286-65.714 146.286-146.286zM950.857 804.571c0-40-33.143-73.143-73.143-73.143s-73.143 33.143-73.143 73.143c0 40.571 33.143 73.143 73.143 73.143 40.571 0 73.143-33.143 73.143-73.143zM950.857 219.429c0-40-33.143-73.143-73.143-73.143s-73.143 33.143-73.143 73.143c0 40.571 33.143 73.143 73.143 73.143 40.571 0 73.143-33.143 73.143-73.143zM731.429 460v105.714c0 7.429-5.714 16-13.143 17.143l-88.571 13.714c-4.571 14.857-10.857 29.143-18.286 43.429 16 22.857 33.143 44 51.429 65.714 2.286 3.429 4 6.857 4 11.429 0 4-1.143 8-4 10.857-11.429 15.429-75.429 85.143-92 85.143-4.571 0-8.571-1.714-12-4l-65.714-51.429c-14.286 7.429-28.571 13.143-44 17.714-2.857 29.143-5.714 60.571-13.143 88.571-2.286 8-9.143 13.714-17.143 13.714h-106.286c-8 0-16-6.286-17.143-14.286l-13.143-87.429c-14.857-4.571-29.143-10.857-42.857-17.714l-67.429 50.857c-2.857 2.857-7.429 4-11.429 4-4.571 0-8.571-1.714-12-4.571-14.857-13.714-82.286-74.857-82.286-91.429 0-4 1.714-7.429 4-10.857 16.571-21.714 33.714-42.857 50.286-65.143-8-15.429-14.857-30.857-20-46.857l-86.857-13.714c-8-1.143-13.714-8.571-13.714-16.571v-105.714c0-7.429 5.714-16 13.143-17.143l88.571-13.714c4.571-14.857 10.857-29.143 18.286-43.429-16-22.857-33.143-44-51.429-65.714-2.286-3.429-4-7.429-4-11.429s1.143-8 4-11.429c11.429-15.429 75.429-84.571 92-84.571 4.571 0 8.571 1.714 12 4l65.714 51.429c14.286-7.429 28.571-13.143 44-18.286 2.857-28.571 5.714-60 13.143-88 2.286-8 9.143-13.714 17.143-13.714h106.286c8 0 16 6.286 17.143 14.286l13.143 87.429c14.857 4.571 29.143 10.857 42.857 17.714l67.429-50.857c3.429-2.857 7.429-4 11.429-4 4.571 0 8.571 1.714 12 4.571 14.857 13.714 82.286 75.429 82.286 91.429 0 4-1.714 7.429-4 10.857-16.571 22.286-33.714 42.857-49.714 65.143 7.429 15.429 14.286 30.857 19.429 46.857l86.857 13.143c8 1.714 13.714 9.143 13.714 17.143zM1097.143 764.571v80c0 8.571-73.714 16.571-85.143 17.714-4.571 10.857-10.286 20.571-17.143 29.714 5.143 11.429 29.143 68.571 29.143 78.857 0 1.714-0.571 2.857-2.286 4-6.857 4-68 40.571-70.857 40.571-7.429 0-50.286-57.143-56-65.714-5.714 0.571-11.429 1.143-17.143 1.143s-11.429-0.571-17.143-1.143c-5.714 8.571-48.571 65.714-56 65.714-2.857 0-64-36.571-70.857-40.571-1.714-1.143-2.286-2.857-2.286-4 0-9.714 24-67.429 29.143-78.857-6.857-9.143-12.571-18.857-17.143-29.714-11.429-1.143-85.143-9.143-85.143-17.714v-80c0-8.571 73.714-16.571 85.143-17.714 4.571-10.286 10.286-20.571 17.143-29.714-5.143-11.429-29.143-69.143-29.143-78.857 0-1.143 0.571-2.857 2.286-4 6.857-3.429 68-40 70.857-40 7.429 0 50.286 56.571 56 65.143 5.714-0.571 11.429-1.143 17.143-1.143s11.429 0.571 17.143 1.143c16-22.286 33.143-44.571 52.571-64l3.429-1.143c2.857 0 64 36 70.857 40 1.714 1.143 2.286 2.857 2.286 4 0 10.286-24 67.429-29.143 78.857 6.857 9.143 12.571 19.429 17.143 29.714 11.429 1.143 85.143 9.143 85.143 17.714zM1097.143 179.429v80c0 8.571-73.714 16.571-85.143 17.714-4.571 10.857-10.286 20.571-17.143 29.714 5.143 11.429 29.143 68.571 29.143 78.857 0 1.714-0.571 2.857-2.286 4-6.857 4-68 40.571-70.857 40.571-7.429 0-50.286-57.143-56-65.714-5.714 0.571-11.429 1.143-17.143 1.143s-11.429-0.571-17.143-1.143c-5.714 8.571-48.571 65.714-56 65.714-2.857 0-64-36.571-70.857-40.571-1.714-1.143-2.286-2.857-2.286-4 0-9.714 24-67.429 29.143-78.857-6.857-9.143-12.571-18.857-17.143-29.714-11.429-1.143-85.143-9.143-85.143-17.714v-80c0-8.571 73.714-16.571 85.143-17.714 4.571-10.286 10.286-20.571 17.143-29.714-5.143-11.429-29.143-69.143-29.143-78.857 0-1.143 0.571-2.857 2.286-4 6.857-3.429 68-40 70.857-40 7.429 0 50.286 56.571 56 65.143 5.714-0.571 11.429-1.143 17.143-1.143s11.429 0.571 17.143 1.143c16-22.286 33.143-44.571 52.571-64l3.429-1.143c2.857 0 64 36 70.857 40 1.714 1.143 2.286 2.857 2.286 4 0 10.286-24 67.429-29.143 78.857 6.857 9.143 12.571 19.429 17.143 29.714 11.429 1.143 85.143 9.143 85.143 17.714z"
        ],
        "width": 1097.142857142857,
        "attrs": [],
        "isMulticolor": false,
        "isMulticolor2": false,
        "tags": [
          "cogs",
          "gears"
        ],
        "defaultCode": 61573,
        "grid": 14
      },
      "attrs": [],
      "properties": {
        "name": "gears",
        "id": 126,
        "order": 13,
        "prevSize": 28
      },
      "setIdx": 0,
      "setId": 1,
      "iconIdx": 126
    },
    {
      "icon": {
        "paths": [
          "M877.714 768v73.143c0 20-16.571 36.571-36.571 36.571h-804.571c-20 0-36.571-16.571-36.571-36.571v-73.143c0-20 16.571-36.571 36.571-36.571h804.571c20 0 36.571 16.571 36.571 36.571zM877.714 475.429v73.143c0 20-16.571 36.571-36.571 36.571h-804.571c-20 0-36.571-16.571-36.571-36.571v-73.143c0-20 16.571-36.571 36.571-36.571h804.571c20 0 36.571 16.571 36.571 36.571zM877.714 182.857v73.143c0 20-16.571 36.571-36.571 36.571h-804.571c-20 0-36.571-16.571-36.571-36.571v-73.143c0-20 16.571-36.571 36.571-36.571h804.571c20 0 36.571 16.571 36.571 36.571z"
        ],
        "width": 877.7142857142857,
        "attrs": [],
        "isMulticolor": false,